<application>
  <component name="ProjectManager">
    <defaultProject>
      <component name="CheckStyle-IDEA" serialisationVersion="2">
        <checkstyleVersion>10.23.0</checkstyleVersion>
        <scanScope>JavaOnly</scanScope>
        <option name="thirdPartyClasspath" />
        <option name="activeLocationIds" />
        <option name="locations">
          <list>
            <ConfigurationLocation id="bundled-sun-checks" type="BUNDLED" scope="All" description="Sun Checks">(bundled)</ConfigurationLocation>
            <ConfigurationLocation id="bundled-google-checks" type="BUNDLED" scope="All" description="Google Checks">(bundled)</ConfigurationLocation>
          </list>
        </option>
      </component>
      <component name="ExternalDependencies">
        <plugin id="CheckStyle-IDEA" />
        <plugin id="PMDPlugin" />
        <plugin id="google-java-format" />
      </component>
      <component name="ProjectRootManager" version="2" languageLevel="JDK_23" project-jdk-name="23" project-jdk-type="JavaSDK" />
      <component name="PropertiesComponent"><![CDATA[{
  "keyToString": {
    "project.structure.last.edited": "Project",
    "project.structure.proportion": "0.0",
    "project.structure.side.proportion": "0.0",
    "settings.editor.selected.configurable": "preferences.externalDependencies"
  }
}]]></component>
      <component name="WindowStateProjectService">
        <state x="469" y="190" key="SettingsEditor" timestamp="1747670177368">
          <screen x="0" y="0" width="1920" height="1080" />
        </state>
        <state x="469" y="190" key="SettingsEditor/0.0.1920.1080" timestamp="1747670177368" />
      </component>
      <component name="masterDetails">
        <states>
          <state key="GlobalLibrariesConfigurable.UI" />
          <state key="JdkListConfigurable.UI" />
          <state key="ProjectLibrariesConfigurable.UI" />
        </states>
      </component>
    </defaultProject>
  </component>
</application>