<application>
  <component name="Trusted.Paths">
    <option name="TRUSTED_PROJECT_PATHS">
      <map>
        <entry key="$USER_HOME$/Developer/java/pms-project" value="true" />
        <entry key="$USER_HOME$/Developer/java/pms-project/pms-booking-service" value="true" />
      </map>
    </option>
  </component>
  <component name="Trusted.Paths.Settings">
    <option name="TRUSTED_PATHS">
      <list>
        <option value="$USER_HOME$/Developer/java" />
      </list>
    </option>
  </component>
</application>