<application>
  <component name="DimensionService">
    <size key="GridCell.Tab.0.left.0.0.1920.1080" width="1820" height="308" />
    <size key="GridCell.Tab.0.center.0.0.1920.1080" width="1820" height="308" />
    <size key="GridCell.Tab.0.right.0.0.1920.1080" width="1820" height="308" />
    <size key="GridCell.Tab.0.bottom.0.0.1920.1080" width="1820" height="308" />
  </component>
  <component name="WindowManager">
    <frame x="9" y="9" width="1902" height="1062" />
  </component>
  <component name="WindowStateApplicationService">
    <state x="743" y="296" width="424" height="486" key="FileChooserDialogImpl" timestamp="1747669180003">
      <screen x="0" y="0" width="1920" height="1080" />
    </state>
    <state x="743" y="296" width="424" height="486" key="FileChooserDialogImpl/0.0.1920.1080" timestamp="1747669180003" />
    <state x="480" y="540" width="942" height="1062" key="WELCOME_SCREEN" timestamp="1747669180036">
      <screen x="0" y="0" width="1920" height="1080" />
    </state>
    <state x="480" y="540" width="942" height="1062" key="WELCOME_SCREEN/0.0.1920.1080" timestamp="1747669180036" />
  </component>
</application>